-- USERS
INSERT INTO users (username, full_name, email, role, password_hash) VALUES
  ('admin1', 'Admin One', 'admin@store.com', 'admin', '$2b$12$AWpBsPtumSBVNuI.6tZXVubGHXIu7wmo8hXtylHhbUlxeQoSkvDA2'),
  ('admin2', 'Admin Two', 'admin2@shop.com', 'admin', '$2b$12$AWpBsPtumSBVNuI.6tZXVubGHXIu7wmo8hXtylHhbUlxeQoSkvDA2'),
  ('admin3', 'Admin Three', 'admin3@shop.com', 'admin', '$2b$12$AWpBsPtumSBVNuI.6tZXVubGHXIu7wmo8hXtylHhbUlxeQoSkvDA2'),
  ('admin4', 'Admin Four', 'admin4@shop.com', 'admin', '$2b$12$AWpBsPtumSBVNuI.6tZXVubGHXIu7wmo8hXtylHhbUlxeQoSkvDA2'),
  ('user1', 'User One', 'user1@shop.com', 'user', '$2b$12$AWpBsPtumSBVNuI.6tZXVubGHXIu7wmo8hXtylHhbUlxeQoSkvDA2'),
  ('user2', 'User Two', 'user2@shop.com', 'user', '$2b$12$AWpBsPtumSBVNuI.6tZXVubGHXIu7wmo8hXtylHhbUlxeQoSkvDA2'),
  ('user3', 'User Three', 'user3@shop.com', 'user', '$2b$12$AWpBsPtumSBVNuI.6tZXVubGHXIu7wmo8hXtylHhbUlxeQoSkvDA2'),
  ('user4', 'User Four', 'user4@shop.com', 'user', '$2b$12$AWpBsPtumSBVNuI.6tZXVubGHXIu7wmo8hXtylHhbUlxeQoSkvDA2'),
  ('user5', 'User Five', 'user5@shop.com', 'user', '$2b$12$AWpBsPtumSBVNuI.6tZXVubGHXIu7wmo8hXtylHhbUlxeQoSkvDA2'),
  ('user6', 'User Six', 'user6@shop.com', 'user', '$2b$12$AWpBsPtumSBVNuI.6tZXVubGHXIu7wmo8hXtylHhbUlxeQoSkvDA2');

-- LOCATIONS
INSERT INTO locations (name, parent_id, description, created_by) VALUES
  ('Main Store', NULL, 'Главный магазин', 1),
  ('Warehouse', 1, 'Склад', 2),
  ('Office', 1, 'Офис', 3),
  ('Showroom', 1, 'Выставочный зал', 4),
  ('Repair Room', 2, 'Ремонтная зона', 5),
  ('Server Room', 1, 'Серверная', 6),
  ('Cash Desk', 1, 'Касса', 7),
  ('Storage A', 2, 'Склад А', 8),
  ('Storage B', 2, 'Склад Б', 9),
  ('Remote Office', NULL, 'Удалённый офис', 10),
  ('Mini Store', 1, 'Мини-магазин', 2),
  ('Archive', 1, 'Архив', 3),
  ('Tech Room', 2, 'Техническая комната', 4),
  ('Reception', 3, 'Ресепшн', 5),
  ('HR Office', 3, 'Кадровый отдел', 6),
  ('Accounting', 3, 'Бухгалтерия', 7),
  ('Security', 1, 'Охрана', 8),
  ('Kitchen', 3, 'Кухня', 9),
  ('Meeting Room', 3, 'Переговорная', 10),
  ('IT Closet', 6, 'IT шкаф', 1),
  ('Loading Dock', 2, 'Погрузочная зона', 2),
  ('Backup Room', 6, 'Резервная серверная', 3),
  ('Training Room', 4, 'Учебная аудитория', 4),
  ('Photo Studio', 4, 'Фотостудия', 5),
  ('Rest Area', 1, 'Зона отдыха', 6),
  ('Director Office', 3, 'Кабинет директора', 7),
  ('Support', 3, 'Техподдержка', 8),
  ('Logistics', 2, 'Логистика', 9),
  ('Promo Zone', 4, 'Промо-зона', 10),
  ('Garden', NULL, 'Внутренний двор', 1);

-- PART TYPES
INSERT INTO part_types (name, description, expected_failure_interval_days, created_by) VALUES
  ('HDD', 'Жёсткий диск', 900, 1),
  ('SSD', 'Твердотельный накопитель', 1200, 2),
  ('RAM', 'Оперативная память', 1500, 3),
  ('CPU', 'Процессор', 2000, 4),
  ('Motherboard', 'Материнская плата', 1800, 5),
  ('Power Supply', 'Блок питания', 1600, 6),
  ('GPU', 'Видеокарта', 1400, 7),
  ('Fan', 'Вентилятор', 1000, 8),
  ('Network Card', 'Сетевая карта', 1300, 9),
  ('Monitor', 'Монитор', 1700, 10);

-- DEVICE TYPES
INSERT INTO device_types (manufacturer, model, expected_lifetime_months, part_type_id, created_by) VALUES
  ('Dell', 'OptiPlex 3080', 60, 1, 1),
  ('HP', 'ProDesk 400', 72, 2, 2),
  ('Lenovo', 'ThinkCentre M720', 60, 3, 3),
  ('Apple', 'iMac 2021', 84, 4, 4),
  ('Asus', 'VivoBook', 48, 5, 5),
  ('Acer', 'Aspire 7', 60, 6, 6),
  ('MSI', 'Modern 14', 60, 7, 7),
  ('Samsung', 'Odyssey', 36, 8, 8),
  ('LG', 'UltraWide', 60, 9, 9),
  ('BenQ', 'GW2480', 60, 10, 10),
  ('Canon', 'LBP2900', 48, 1, 2),
  ('Epson', 'L3150', 60, 2, 3),
  ('Brother', 'HL-1110R', 54, 3, 4),
  ('HP', 'LaserJet Pro', 72, 4, 5),
  ('Xerox', 'Phaser 3020', 60, 5, 6),
  ('Ricoh', 'SP 150', 60, 6, 7),
  ('Kyocera', 'FS-1040', 60, 7, 8),
  ('Samsung', 'ML-2160', 48, 8, 9),
  ('OKI', 'B412dn', 60, 9, 10),
  ('Sharp', 'MX-B350P', 60, 10, 1),
  ('ViewSonic', 'VA2418', 60, 1, 2),
  ('Philips', '243V7Q', 60, 2, 3),
  ('AOC', '24B1XHS', 60, 3, 4),
  ('Asus', 'VG245H', 60, 4, 5),
  ('BenQ', 'ZOWIE XL2411P', 60, 5, 6),
  ('LG', '24MK600M', 60, 6, 7),
  ('Dell', 'P2419H', 60, 7, 8),
  ('HP', '24fw', 60, 8, 9),
  ('Lenovo', 'D24-20', 60, 9, 10),
  ('Samsung', 'S24F350FHI', 60, 10, 1);

-- DEVICES
INSERT INTO devices (serial_number, type_id, purchase_date, warranty_end, current_location_id, status, created_by) VALUES
  ('SN1001', 1, '2024-06-01', '2027-06-01', 1, 'active', 1),
  ('SN1002', 2, '2024-07-15', '2027-07-15', 2, 'maintenance', 2),
  ('SN1003', 3, '2024-08-20', '2027-08-20', 3, 'decommissioned', 3),
  ('SN1004', 4, '2024-09-10', '2027-09-10', 4, 'active', 4),
  ('SN1005', 5, '2024-10-05', '2027-10-05', 5, 'maintenance', 5),
  ('SN1006', 6, '2024-11-12', '2027-11-12', 6, 'active', 6),
  ('SN1007', 7, '2024-12-01', '2027-12-01', 7, 'decommissioned', 7),
  ('SN1008', 8, '2025-01-15', '2028-01-15', 8, 'active', 8),
  ('SN1009', 9, '2025-02-20', '2028-02-20', 9, 'maintenance', 9),
  ('SN1010', 10, '2025-03-10', '2028-03-10', 10, 'active', 10),
  ('SN1011', 11, '2024-04-01', '2027-04-01', 11, 'active', 2),
  ('SN1012', 12, '2024-05-10', '2027-05-10', 12, 'maintenance', 3),
  ('SN1013', 13, '2024-06-15', '2027-06-15', 13, 'decommissioned', 4),
  ('SN1014', 14, '2024-07-20', '2027-07-20', 14, 'active', 5),
  ('SN1015', 15, '2024-08-25', '2027-08-25', 15, 'maintenance', 6),
  ('SN1016', 16, '2024-09-30', '2027-09-30', 16, 'active', 7),
  ('SN1017', 17, '2024-10-05', '2027-10-05', 17, 'decommissioned', 8),
  ('SN1018', 18, '2024-11-10', '2027-11-10', 18, 'active', 9),
  ('SN1019', 19, '2024-12-15', '2027-12-15', 19, 'maintenance', 10),
  ('SN1020', 20, '2025-01-20', '2028-01-20', 20, 'active', 1),
  ('SN1021', 1, '2024-04-15', '2027-04-15', 1, 'active', 2),
  ('SN1022', 2, '2024-05-20', '2027-05-20', 2, 'maintenance', 3),
  ('SN1023', 3, '2024-06-25', '2027-06-25', 3, 'decommissioned', 4),
  ('SN1024', 4, '2024-07-30', '2027-07-30', 4, 'active', 5),
  ('SN1025', 5, '2024-08-05', '2027-08-05', 5, 'maintenance', 6),
  ('SN1026', 6, '2024-09-10', '2027-09-10', 6, 'active', 7),
  ('SN1027', 7, '2024-10-15', '2027-10-15', 7, 'decommissioned', 8),
  ('SN1028', 8, '2024-11-20', '2027-11-20', 8, 'active', 9),
  ('SN1029', 9, '2024-12-25', '2027-12-25', 9, 'maintenance', 10),
  ('SN1030', 10, '2025-01-30', '2028-01-30', 10, 'active', 1);

-- MOVEMENTS
INSERT INTO movements (device_id, from_location_id, to_location_id, moved_at, performed_by, notes) VALUES
  (1, 1, 2, '2024-06-10 10:00:00+03', 1, 'Перемещение на склад'),
  (2, 2, 3, '2024-07-20 11:00:00+03', 2, 'В офис для диагностики'),
  (3, 3, 4, '2024-08-25 12:00:00+03', 3, 'В выставочный зал'),
  (4, 4, 5, '2024-09-15 13:00:00+03', 4, 'В ремонтную зону'),
  (5, 5, 6, '2024-10-10 14:00:00+03', 5, 'В серверную'),
  (6, 6, 7, '2024-11-20 15:00:00+03', 6, 'На кассу'),
  (7, 7, 8, '2024-12-10 16:00:00+03', 7, 'В склад А'),
  (8, 8, 9, '2025-01-20 17:00:00+03', 8, 'В склад Б'),
  (9, 9, 10, '2025-02-25 18:00:00+03', 9, 'В удалённый офис'),
  (10, 10, 1, '2025-03-15 19:00:00+03', 10, 'Обратно в главный магазин'),
  (11, 11, 12, '2024-04-05 09:00:00+03', 2, 'Перемещение в архив'),
  (12, 12, 13, '2024-05-15 10:00:00+03', 3, 'В техническую комнату'),
  (13, 13, 14, '2024-06-20 11:00:00+03', 4, 'В фотостудию'),
  (14, 14, 15, '2024-07-25 12:00:00+03', 5, 'В зону отдыха'),
  (15, 15, 16, '2024-08-30 13:00:00+03', 6, 'В кабинет директора'),
  (16, 16, 17, '2024-09-05 14:00:00+03', 7, 'В техподдержку'),
  (17, 17, 18, '2024-10-10 15:00:00+03', 8, 'В логистику'),
  (18, 18, 19, '2024-11-15 16:00:00+03', 9, 'В промо-зону'),
  (19, 19, 20, '2024-12-20 17:00:00+03', 10, 'В сад'),
  (20, 20, 1, '2025-01-25 18:00:00+03', 1, 'Обратно в главный магазин'),
  (21, 1, 2, '2024-04-10 09:30:00+03', 2, 'Перемещение на склад'),
  (22, 2, 3, '2024-05-20 10:30:00+03', 3, 'В офис для диагностики'),
  (23, 3, 4, '2024-06-25 11:30:00+03', 4, 'В выставочный зал'),
  (24, 4, 5, '2024-07-30 12:30:00+03', 5, 'В ремонтную зону'),
  (25, 5, 6, '2024-08-05 13:30:00+03', 6, 'В серверную'),
  (26, 6, 7, '2024-09-10 14:30:00+03', 7, 'На кассу'),
  (27, 7, 8, '2024-10-15 15:30:00+03', 8, 'В склад А'),
  (28, 8, 9, '2024-11-20 16:30:00+03', 9, 'В склад Б'),
  (29, 9, 10, '2024-12-25 17:30:00+03', 10, 'В удалённый офис'),
  (30, 10, 1, '2025-01-30 18:30:00+03', 1, 'Обратно в главный магазин');

-- INVENTORY EVENTS
INSERT INTO inventory_events (event_date, location_id, performed_by, notes) VALUES
  ('2024-06-15', 1, 1, 'Плановая инвентаризация'),
  ('2024-07-22', 2, 2, 'Проверка склада'),
  ('2024-08-28', 3, 3, 'Инвентаризация офиса'),
  ('2024-09-18', 4, 4, 'Проверка выставочного зала'),
  ('2024-10-12', 5, 5, 'Инвентаризация ремонтной зоны'),
  ('2024-11-22', 6, 6, 'Проверка серверной'),
  ('2024-12-12', 7, 7, 'Инвентаризация кассы'),
  ('2025-01-22', 8, 8, 'Проверка склада А'),
  ('2025-02-28', 9, 9, 'Проверка склада Б'),
  ('2025-03-18', 10, 10, 'Инвентаризация удалённого офиса'),
  ('2024-04-10', 11, 2, 'Проверка мини-магазина'),
  ('2024-05-15', 12, 3, 'Проверка архива'),
  ('2024-06-20', 13, 4, 'Проверка технической комнаты'),
  ('2024-07-25', 14, 5, 'Проверка фотостудии'),
  ('2024-08-30', 15, 6, 'Проверка зоны отдыха'),
  ('2024-09-05', 16, 7, 'Проверка кабинета директора'),
  ('2024-10-10', 17, 8, 'Проверка техподдержки'),
  ('2024-11-15', 18, 9, 'Проверка логистики'),
  ('2024-12-20', 19, 10, 'Проверка промо-зоны'),
  ('2025-01-25', 20, 1, 'Проверка сада'),
  ('2024-04-15', 1, 2, 'Проверка главного магазина'),
  ('2024-05-20', 2, 3, 'Проверка склада'),
  ('2024-06-25', 3, 4, 'Проверка офиса'),
  ('2024-07-30', 4, 5, 'Проверка выставочного зала'),
  ('2024-08-05', 5, 6, 'Проверка ремонтной зоны'),
  ('2024-09-10', 6, 7, 'Проверка серверной'),
  ('2024-10-15', 7, 8, 'Проверка кассы'),
  ('2024-11-20', 8, 9, 'Проверка склада А'),
  ('2024-12-25', 9, 10, 'Проверка склада Б'),
  ('2025-01-30', 10, 1, 'Проверка удалённого офиса');

-- INVENTORY ITEMS
INSERT INTO inventory_items (inventory_event_id, device_id, found, condition, comments) VALUES
  (1, 1, true, 'ok', 'В рабочем состоянии'),
  (2, 2, false, 'broken', 'Требует ремонта'),
  (3, 3, true, 'needs_maintenance', 'Плановое обслуживание'),
  (4, 4, true, 'ok', 'Исправен'),
  (5, 5, false, 'broken', 'Не включается'),
  (6, 6, true, 'ok', 'Работает корректно'),
  (7, 7, true, 'needs_maintenance', 'Шумит вентилятор'),
  (8, 8, true, 'ok', 'В отличном состоянии'),
  (9, 9, false, 'broken', 'Сломан экран'),
  (10, 10, true, 'ok', 'Используется редко'),
  (11, 11, true, 'ok', 'В рабочем состоянии'),
  (12, 12, false, 'broken', 'Требует ремонта'),
  (13, 13, true, 'needs_maintenance', 'Плановое обслуживание'),
  (14, 14, true, 'ok', 'Исправен'),
  (15, 15, false, 'broken', 'Не включается'),
  (16, 16, true, 'ok', 'Работает корректно'),
  (17, 17, true, 'needs_maintenance', 'Шумит вентилятор'),
  (18, 18, true, 'ok', 'В отличном состоянии'),
  (19, 19, false, 'broken', 'Сломан экран'),
  (20, 20, true, 'ok', 'Используется редко'),
  (21, 21, true, 'ok', 'В рабочем состоянии'),
  (22, 22, false, 'broken', 'Требует ремонта'),
  (23, 23, true, 'needs_maintenance', 'Плановое обслуживание'),
  (24, 24, true, 'ok', 'Исправен'),
  (25, 25, false, 'broken', 'Не включается'),
  (26, 26, true, 'ok', 'Работает корректно'),
  (27, 27, true, 'needs_maintenance', 'Шумит вентилятор'),
  (28, 28, true, 'ok', 'В отличном состоянии'),
  (29, 29, false, 'broken', 'Сломан экран'),
  (30, 30, true, 'ok', 'Используется редко');

-- MAINTENANCE TASKS
INSERT INTO maintenance_tasks (device_id, task_type, in_progress_date, completed_date, status, assigned_to, notes) VALUES
  (1, 'Проверка HDD', '2024-06-20', '2024-06-21', 'completed', 1, 'Проверено, всё ок'),
  (2, 'Замена SSD', '2024-07-25', NULL, 'in_progress', 2, 'Планируется замена'),
  (3, 'Чистка RAM', '2024-08-30', '2024-09-01', 'completed', 3, 'Почищено'),
  (4, 'Обновление CPU', '2024-09-20', NULL, 'in_progress', 4, 'Ожидается поставка'),
  (5, 'Проверка материнской платы', '2024-10-15', '2024-10-16', 'completed', 5, 'Проверено'),
  (6, 'Замена блока питания', '2024-11-25', NULL, 'in_progress', 6, 'Планируется'),
  (7, 'Диагностика GPU', '2024-12-15', '2024-12-16', 'completed', 7, 'Диагностика завершена'),
  (8, 'Проверка вентилятора', '2025-01-25', NULL, 'in_progress', 8, 'Планируется'),
  (9, 'Замена сетевой карты', '2025-03-01', '2025-03-02', 'completed', 9, 'Заменено'),
  (10, 'Проверка монитора', '2025-03-20', NULL, 'in_progress', 10, 'Планируется'),
  (11, 'Проверка принтера', '2024-04-10', '2024-04-11', 'completed', 2, 'Проверено, всё ок'),
  (12, 'Замена картриджа', '2024-05-15', NULL, 'in_progress', 3, 'Планируется замена'),
  (13, 'Чистка сканера', '2024-06-20', '2024-06-21', 'completed', 4, 'Почищено'),
  (14, 'Обновление драйвера', '2024-07-25', NULL, 'in_progress', 5, 'Ожидается поставка'),
  (15, 'Проверка монитора', '2024-08-30', '2024-08-31', 'completed', 6, 'Проверено'),
  (16, 'Замена блока питания', '2024-09-05', NULL, 'in_progress', 7, 'Планируется'),
  (17, 'Диагностика видеокарты', '2024-10-10', '2024-10-11', 'completed', 8, 'Диагностика завершена'),
  (18, 'Проверка вентилятора', '2024-11-15', NULL, 'in_progress', 9, 'Планируется'),
  (19, 'Замена сетевой карты', '2024-12-20', '2024-12-21', 'completed', 10, 'Заменено'),
  (20, 'Проверка HDD', '2025-01-25', NULL, 'in_progress', 1, 'Планируется'),
  (21, 'Проверка принтера', '2024-04-15', '2024-04-16', 'completed', 2, 'Проверено, всё ок'),
  (22, 'Замена картриджа', '2024-05-20', NULL, 'in_progress', 3, 'Планируется замена'),
  (23, 'Чистка сканера', '2024-06-25', '2024-06-26', 'completed', 4, 'Почищено'),
  (24, 'Обновление драйвера', '2024-07-30', NULL, 'in_progress', 5, 'Ожидается поставка'),
  (25, 'Проверка монитора', '2024-08-05', '2024-08-06', 'completed', 6, 'Проверено'),
  (26, 'Замена блока питания', '2024-09-10', NULL, 'in_progress', 7, 'Планируется'),
  (27, 'Диагностика видеокарты', '2024-10-15', '2024-10-16', 'completed', 8, 'Диагностика завершена'),
  (28, 'Проверка вентилятора', '2024-11-20', NULL, 'in_progress', 9, 'Планируется'),
  (29, 'Замена сетевой карты', '2024-12-25', '2024-12-26', 'completed', 10, 'Заменено'),
  (30, 'Проверка HDD', '2025-01-30', NULL, 'in_progress', 1, 'Планируется');

-- WRITE OFF REPORTS
INSERT INTO write_off_reports (device_id, report_date, reason, disposed_by, approved_by) VALUES
  (3, '2024-09-05', 'Не подлежит ремонту', 3, NULL),
  (5, '2024-10-20', 'Сгорел блок питания', 5, 2),
  (7, '2024-12-20', 'Не включается', 7, 3),
  (9, '2025-02-10', 'Разбит экран', 9, 4),
  (2, '2024-07-30', 'SSD не определяется', 2, NULL),
  (4, '2024-09-25', 'CPU перегревается', 4, 6),
  (6, '2024-11-30', 'Вентилятор не работает', 6, 7),
  (8, '2025-01-30', 'Проблемы с сетью', 8, 8),
  (10, '2025-03-25', 'Неисправен монитор', 10, NULL),
  (1, '2024-06-25', 'HDD не запускается', 1, 10),
  (13, '2024-06-10', 'Не подлежит ремонту', 4, NULL),
  (15, '2024-08-15', 'Сгорел блок питания', 6, 3),
  (17, '2024-10-20', 'Не включается', 8, 4),
  (19, '2024-12-25', 'Разбит экран', 10, NULL),
  (12, '2024-05-20', 'SSD не определяется', 3, 6),
  (14, '2024-07-25', 'CPU перегревается', 5, 7),
  (16, '2024-09-30', 'Вентилятор не работает', 7, 8),
  (18, '2024-11-10', 'Проблемы с сетью', 9, 9),
  (20, '2025-01-20', 'Неисправен монитор', 1, NULL),
  (21, '2024-04-25', 'HDD не запускается', 2, 1);

-- FAILURE RECORDS
INSERT INTO failure_records (device_id, part_type_id, failure_date, resolved_date, description) VALUES
  (1, 1, '2024-06-18', '2024-06-21', 'Сбой HDD'),
  (2, 2, '2024-07-28', NULL, 'SSD не определяется'),
  (3, 3, '2024-08-29', '2024-09-01', 'Ошибка RAM'),
  (4, 4, '2024-09-18', NULL, 'Перегрев CPU'),
  (5, 5, '2024-10-13', '2024-10-16', 'Проблема с материнской платой'),
  (6, 6, '2024-11-27', NULL, 'Сбой блока питания'),
  (7, 7, '2024-12-17', '2024-12-18', 'Ошибка GPU'),
  (8, 8, '2025-01-27', NULL, 'Вентилятор не работает'),
  (9, 9, '2025-03-03', '2025-03-04', 'Сетевая карта не работает'),
  (10, 10, '2025-03-22', NULL, 'Проблема с монитором'),
  (11, 1, '2024-04-12', '2024-04-13', 'Сбой HDD'),
  (12, 2, '2024-05-17', NULL, 'SSD не определяется'),
  (13, 3, '2024-06-22', '2024-06-23', 'Ошибка RAM'),
  (14, 4, '2024-07-27', NULL, 'Перегрев CPU'),
  (15, 5, '2024-08-31', '2024-09-01', 'Проблема с материнской платой'),
  (16, 6, '2024-09-07', NULL, 'Сбой блока питания'),
  (17, 7, '2024-10-12', '2024-10-13', 'Ошибка GPU'),
  (18, 8, '2024-11-17', NULL, 'Вентилятор не работает'),
  (19, 9, '2024-12-22', '2024-12-23', 'Сетевая карта не работает'),
  (20, 10, '2025-01-27', NULL, 'Проблема с монитором'),
  (21, 1, '2024-04-17', '2024-04-18', 'Сбой HDD'),
  (22, 2, '2024-05-22', NULL, 'SSD не определяется'),
  (23, 3, '2024-06-27', '2024-06-28', 'Ошибка RAM'),
  (24, 4, '2024-07-30', NULL, 'Перегрев CPU'),
  (25, 5, '2024-08-07', '2024-08-08', 'Проблема с материнской платой'),
  (26, 6, '2024-09-12', NULL, 'Сбой блока питания'),
  (27, 7, '2024-10-17', '2024-10-18', 'Ошибка GPU'),
  (28, 8, '2024-11-22', NULL, 'Вентилятор не работает'),
  (29, 9, '2024-12-27', '2024-12-28', 'Сетевая карта не работает'),
  (30, 10, '2025-01-30', NULL, 'Проблема с монитором');

-- REPLACEMENT SUGGESTIONS
INSERT INTO replacement_suggestions (part_type_id, suggestion_date, forecast_replacement_date, generated_by, status, comments) VALUES
  (1, '2024-06-19', '2024-12-19', 'system', 'pending', 'Рекомендуется замена HDD'),
  (2, '2024-07-29', '2025-01-29', 'system', 'pending', 'Рекомендуется замена SSD'),
  (3, '2024-08-30', '2025-02-28', 'system', 'pending', 'Рекомендуется замена RAM'),
  (4, '2024-09-19', '2025-03-19', 'system', 'pending', 'Рекомендуется замена CPU'),
  (5, '2024-10-14', '2025-04-14', 'system', 'pending', 'Рекомендуется замена материнской платы'),
  (6, '2024-11-28', '2025-05-28', 'system', 'pending', 'Рекомендуется замена блока питания'),
  (7, '2024-12-18', '2025-06-18', 'system', 'pending', 'Рекомендуется замена GPU'),
  (8, '2025-01-28', '2025-07-28', 'system', 'pending', 'Рекомендуется замена вентилятора'),
  (9, '2025-03-05', '2025-09-05', 'system', 'pending', 'Рекомендуется замена сетевой карты'),
  (10, '2025-03-23', '2025-09-23', 'system', 'pending', 'Рекомендуется замена монитора'),
  (1, '2024-04-13', '2024-10-13', 'system', 'pending', 'Рекомендуется замена HDD'),
  (2, '2024-05-18', '2024-11-18', 'system', 'pending', 'Рекомендуется замена SSD'),
  (3, '2024-06-23', '2024-12-23', 'system', 'pending', 'Рекомендуется замена RAM'),
  (4, '2024-07-28', '2025-01-28', 'system', 'pending', 'Рекомендуется замена CPU'),
  (5, '2024-09-01', '2025-03-01', 'system', 'pending', 'Рекомендуется замена материнской платы'),
  (6, '2024-09-08', '2025-03-08', 'system', 'pending', 'Рекомендуется замена блока питания'),
  (7, '2024-10-13', '2025-04-13', 'system', 'pending', 'Рекомендуется замена GPU'),
  (8, '2024-11-18', '2025-05-18', 'system', 'pending', 'Рекомендуется замена вентилятора'),
  (9, '2024-12-23', '2025-06-23', 'system', 'pending', 'Рекомендуется замена сетевой карты'),
  (10, '2025-01-28', '2025-07-28', 'system', 'pending', 'Рекомендуется замена монитора'),
  (1, '2024-04-18', '2024-10-18', 'system', 'pending', 'Рекомендуется замена HDD'),
  (2, '2024-05-23', '2024-11-23', 'system', 'pending', 'Рекомендуется замена SSD'),
  (3, '2024-06-28', '2024-12-28', 'system', 'pending', 'Рекомендуется замена RAM'),
  (4, '2024-07-30', '2025-01-30', 'system', 'pending', 'Рекомендуется замена CPU'),
  (5, '2024-08-08', '2025-02-08', 'system', 'pending', 'Рекомендуется замена материнской платы'),
  (6, '2024-09-13', '2025-03-13', 'system', 'pending', 'Рекомендуется замена блока питания'),
  (7, '2024-10-18', '2025-04-18', 'system', 'pending', 'Рекомендуется замена GPU'),
  (8, '2024-11-23', '2025-05-23', 'system', 'pending', 'Рекомендуется замена вентилятора'),
  (9, '2024-12-28', '2025-06-28', 'system', 'pending', 'Рекомендуется замена сетевой карты'),
  (10, '2025-01-30', '2025-07-30', 'system', 'pending', 'Рекомендуется замена монитора'); 